Country,Year,Code,Regime Type,Region,Continent,Happiness,Binary Happiness,PPP per capita,Unemployment Percent,Health expenditure,Male Life Expectancy,Adolescent fertility
Afghanistan,2014,700,Authoritarian,Southern Asia,Asia,3.131,0,1829.33,8.71,9.652356,61.67,77.4586
Argentina,2014,160,Flawed democracy,Latin America and Caribbean,South America,6.671,1,18797.55,7.27,6.407625,72.414,63.5016
Armenia,2014,371,Hybrid regime,Central and Eastern Europe,Europe,4.453,0,7971.12,17.5,7.041526,70.903,25.595
Australia,2014,900,Full democracy,Australia and New Zealand,Pacific,7.289,1,43547.2,6.07,9.07925,80.3,14.0414
Austria,2014,305,Full democracy,Western Europe,Europe,6.95,1,44320.5,5.62,10.28597,79.1,7.836
Azerbaijan,2014,373,Authoritarian,Central and Eastern Europe,Europe,5.252,0,16715.11,4.91,5.654315,68.795,50.788
Bahrain,2014,692,Authoritarian,Middle East and Northern Africa,Africa,6.165,1,43837.34,1.21,4.620403,75.804,13.743
Bangladesh,2014,771,Hybrid regime,Southern Asia,Asia,4.636,0,2973.04,4.43,2.655883,70.278,86.2074
Belarus,2014,370,Authoritarian,Central and Eastern Europe,Europe,5.812,1,17933.34,0.49,5.446912,67.8,19.6188
Belgium,2014,211,Flawed democracy,Western Europe,Europe,6.855,1,41360.4,8.52,10.39503,78.8,5.5686
Benin,2014,434,Hybrid regime,Sub-Saharan Africa,Africa,3.347,0,2001.08,2.63,3.645506,58.883,92.2574
Bolivia,2014,145,Hybrid regime,Latin America and Caribbean,South America,5.865,1,6324.83,2.01,5.777249,65.943,70.8054
Bosnia and Herzegovina,2014,346,Hybrid regime,Central and Eastern Europe,Europe,5.249,0,10516.73,27.52,9.56131,73.986,11.2418
Botswana,2014,571,Flawed democracy,Sub-Saharan Africa,Africa,4.031,0,15578.83,17.35,5.305366,61.79,35.1906
Brazil,2014,140,Flawed democracy,Latin America and Caribbean,South America,6.981,1,15374.26,6.67,8.431892,71.388,64.8382
Bulgaria,2014,355,Flawed democracy,Central and Eastern Europe,Europe,4.438,0,16324.28,11.42,8.511123,71.1,41.8796
Burkina Faso,2014,439,Hybrid regime,Sub-Saharan Africa,Africa,3.481,0,1582.33,6.5,5.554305,58.747,110.9764
Cambodia,2014,811,Authoritarian,Southeastern Asia,Asia,3.883,0,3124.32,0.18,5.554305,66.116,49.3604
Cameroon,2014,471,Authoritarian,Sub-Saharan Africa,Africa,4.24,0,3196.36,4.32,4.943477,55.9,114.8954
Canada,2014,20,Full democracy,North America,North America,7.304,1,43079.14,6.91,9.987017,80.015,10.5612
Chad,2014,483,Authoritarian,Sub-Saharan Africa,Africa,3.46,0,2076.65,5.68,4.569729,51.024,171.368
Chile,2014,155,Flawed democracy,Latin America and Caribbean,South America,6.844,1,22195.27,6.66,7.612443,76.484,48.471
China,2014,710,Authoritarian,Eastern Asia,Asia,5.196,0,12758.65,4.59,4.964164,74.485,6.6912
Colombia,2014,100,Flawed democracy,Latin America and Caribbean,South America,6.449,1,12665.75,8.53,6.402773,70.477,53.577
"Congo, Rep",2014,484,Authoritarian,Sub-Saharan Africa,Africa,4.056,0,5538.05,10,2.437873,61.968,118.6338
Costa Rica,2014,94,Full democracy,Latin America and Caribbean,South America,7.247,1,14372.4,9.12,8.155118,77.011,56.822
Croatia,2014,344,Flawed democracy,Central and Eastern Europe,Europe,5.381,0,20364.41,17.29,7.490489,74.6,10.2732
Czech Republic,2014,316,Flawed democracy,Central and Eastern Europe,Europe,6.484,1,29119.62,6.11,7.653085,75.8,10.6262
Denmark,2014,390,Full democracy,Western Europe,Europe,7.508,1,45057.07,6.59,10.26174,78.7,4.3108
Dominican Republic,2014,42,Flawed democracy,Latin America and Caribbean,South America,5.387,0,12663.04,6.4,6.126846,70.444,98.3628
Ecuador,2014,130,Flawed democracy,Latin America and Caribbean,South America,5.946,1,6890.72,4.16,8.641919,73.169,75.9618
El Salvador,2014,92,Hybrid regime,Latin America and Caribbean,South America,5.857,1,10901.42,3.48,6.796545,68.287,71.8926
Estonia,2014,366,Flawed democracy,Central and Eastern Europe,Europe,5.556,1,27113.69,7.35,6.210524,72.4,14.7286
Finland,2014,375,Full democracy,Western Europe,Europe,7.385,1,39017.54,8.66,9.480012,78.4,7.1614
France,2014,220,Flawed democracy,Western Europe,Europe,6.467,1,37523.73,10.3,11.10008,79.5,9.1206
Gabon,2014,481,Authoritarian,Sub-Saharan Africa,Africa,3.918,0,16678.52,20.08,2.532822,63.764,104.85
Georgia,2014,372,Hybrid regime,Central and Eastern Europe,Europe,4.288,0,8749.16,12.35,8.435678,68.666,49.35
Germany,2014,255,Full democracy,Western Europe,Europe,6.984,1,43560.62,4.98,11.05037,78.7,7.4518
Ghana,2014,452,Flawed democracy,Sub-Saharan Africa,Africa,3.86,0,3828.11,2.16,5.530556,61.165,69.71
Greece,2014,350,Flawed democracy,Western Europe,Europe,4.756,0,24081.63,26.49,7.941341,78.8,8.0126
Guatemala,2014,90,Hybrid regime,Latin America and Caribbean,South America,6.536,1,7147.42,2.91,6.204822,69.643,75.5146
Guinea,2014,438,Authoritarian,Sub-Saharan Africa,Africa,3.412,0,1734.74,4.53,4.314739,58.341,141.6414
Haiti,2014,41,Hybrid regime,Latin America and Caribbean,South America,3.889,0,1652.86,13.94,7.183993,60.619,39.739
Honduras,2014,91,Hybrid regime,Latin America and Caribbean,South America,5.056,0,4231.33,5.49,7.693562,70.666,74.9722
Hungary,2014,310,Flawed democracy,Central and Eastern Europe,Europe,5.181,0,24161.43,7.73,7.140811,72.3,20.0602
India,2014,750,Flawed democracy,Southern Asia,Asia,4.424,0,5385.14,3.41,3.629525,66.611,27.4582
Indonesia,2014,850,Flawed democracy,Southeastern Asia,Asia,5.597,1,14838.38,8.2,3.440357,66.848,49.2346
Iraq,2014,645,Hybrid regime,Middle East and Northern Africa,Africa,4.542,0,10003.09,4.05,3.393522,67.25,79.125
Ireland,2014,205,Full democracy,Western Europe,Europe,7.018,1,48898.33,11.26,9.913169,79.3,11.0816
Israel,2014,666,Flawed democracy,Middle East and Northern Africa,Africa,7.401,1,31702.08,5.89,7.439158,80.3,10.6122
Italy,2014,325,Flawed democracy,Western Europe,Europe,6.027,1,33945.84,12.68,9.011441,80.7,6.2686
Japan,2014,740,Flawed democracy,Eastern Asia,Asia,5.923,1,37337.32,3.58,10.8358,80.5,4.3186
Jordan,2014,663,Authoritarian,Middle East and Northern Africa,Africa,5.333,0,8622.19,11.9,7.414367,72.403,24.977
Kazakhstan,2014,705,Authoritarian,Central and Eastern Europe,Europe,5.97,1,23587.34,5.06,3.642263,67.12,30.2514
Kenya,2014,501,Hybrid regime,Sub-Saharan Africa,Africa,4.905,0,2753.14,11.67,5.4713,63.86,84.3968
Kuwait,2014,690,Authoritarian,Middle East and Northern Africa,Africa,6.18,1,70832.37,2.9,3.19758,73.603,10.2036
Latvia,2014,367,Flawed democracy,Central and Eastern Europe,Europe,5.729,1,22172.13,10.85,7.825038,69.1,14.5586
Lebanon,2014,660,Hybrid regime,Middle East and Northern Africa,Africa,5.233,0,13828.37,6.61,7.35766,77.597,12.8866
Lithuania,2014,368,Flawed democracy,Central and Eastern Europe,Europe,6.126,1,26258.1,10.7,6.177917,69.2,12.81
Luxembourg,2014,212,Full democracy,Western Europe,Europe,6.891,1,93655.33,5.85,6.265727,79.4,5.9212
Madagascar,2014,580,Hybrid regime,Sub-Saharan Africa,Africa,3.676,0,1372.02,1.19,4.878135,63.614,115.8552
Malawi,2014,553,Hybrid regime,Sub-Saharan Africa,Africa,4.563,0,1090.37,5.94,9.712048,59.361,142.551
Malaysia,2014,820,Flawed democracy,Southeastern Asia,Asia,5.963,1,24194.63,2.87,3.889978,72.842,13.255
Mali,2014,432,Hybrid regime,Sub-Saharan Africa,Africa,3.975,0,1865.16,6.38,5.796082,56.335,174.9938
Malta,2014,338,Full democracy,Western Europe,Europe,6.452,1,31839.28,5.8,9.456058,79.8,17.1568
Mauritania,2014,435,Authoritarian,Sub-Saharan Africa,Africa,4.483,0,3655.39,10.02,4.203515,61.44,83.0676
Mexico,2014,70,Flawed democracy,Latin America and Caribbean,South America,6.68,1,16615.98,4.83,5.691027,74.326,63.6876
Moldova,2014,359,Hybrid regime,Central and Eastern Europe,Europe,5.917,1,4762.78,3.86,10.28384,67.009,24.1736
Mongolia,2014,712,Flawed democracy,Eastern Asia,Asia,4.825,0,11348.65,4.8,3.827088,64.867,25.4248
Montenegro,2014,341,Hybrid regime,Central and Eastern Europe,Europe,5.283,0,14795.55,18,5.883031,74.313,12.7168
Nepal,2014,790,Hybrid regime,Southern Asia,Asia,4.975,0,2266.18,3,5.821262,67.978,65.2856
Netherlands,2014,210,Full democracy,Western Europe,Europe,7.321,1,45668.44,7.42,10.85854,80,4.266
New Zealand,2014,920,Full democracy,Australia and New Zealand,Pacific,7.306,1,34455.33,5.38,9.402881,79.6,21.7662
Nicaragua,2014,93,Authoritarian,Latin America and Caribbean,South America,6.275,1,4784.83,4.52,7.61454,71.804,89.8288
Niger,2014,436,Authoritarian,Sub-Saharan Africa,Africa,4.181,0,904.46,0.36,5.854648,58.301,198.059
Pakistan,2014,770,Hybrid regime,Southern Asia,Asia,5.436,0,4576.23,1.83,2.722008,65.217,39.2576
Panama,2014,95,Flawed democracy,Latin America and Caribbean,South America,6.631,1,20017.99,4.82,6.843236,74.643,84.8478
Paraguay,2014,150,Flawed democracy,Latin America and Caribbean,South America,5.119,0,10948.62,5.03,7.62557,70.849,58.4222
Peru,2014,135,Flawed democracy,Latin America and Caribbean,South America,5.866,1,11547.83,2.96,5.074218,71.9,50.2702
Philippines,2014,840,Flawed democracy,Southeastern Asia,Asia,5.313,0,6585.9,3.6,4.188945,65.557,58.567
Poland,2014,290,Flawed democracy,Central and Eastern Europe,Europe,5.75,1,24355.4,8.99,6.248626,73.7,13.6822
Portugal,2014,235,Flawed democracy,Western Europe,Europe,5.127,0,26023.7,13.89,9.022326,78,10.9298
Romania,2014,360,Flawed democracy,Central and Eastern Europe,Europe,5.727,1,19801.88,6.8,5.034546,71.4,35.0364
Rwanda,2014,517,Authoritarian,Sub-Saharan Africa,Africa,3.596,0,1633.34,1.17,8.221793,64.087,28.8892
Saudi Arabia,2014,670,Authoritarian,Middle East and Northern Africa,Africa,6.278,1,49958.44,5.72,5.098504,72.953,9.352
Senegal,2014,433,Flawed democracy,Sub-Saharan Africa,Africa,4.395,0,2828.41,6.36,3.899586,64.371,79.2342
Serbia,2014,272,Flawed democracy,Central and Eastern Europe,Europe,5.113,0,13112.83,19.22,9.842314,72.8,20.1456
Sierra Leone,2014,451,Hybrid regime,Sub-Saharan Africa,Africa,4.5,0,1692.14,4.68,19.72749,50.407,121.0864
Singapore,2014,830,Flawed democracy,Southeastern Asia,Asia,7.062,1,80903.53,2.8,3.927284,80.3,3.8166
Slovenia,2014,317,Flawed democracy,Central and Eastern Europe,Europe,5.678,1,28417.66,9.67,8.541597,78.2,4.5714
South Africa,2014,560,Flawed democracy,Sub-Saharan Africa,Africa,4.828,0,12389.71,24.9,7.925304,57.526,47.712
Spain,2014,230,Full democracy,Western Europe,Europe,6.456,1,31195.41,24.44,9.083407,80.4,8.838
Sri Lanka,2014,780,Flawed democracy,Southern Asia,Asia,4.268,0,10650.39,4.4,2.830406,71.521,16.3014
Sweden,2014,380,Full democracy,Western Europe,Europe,7.239,1,44167.63,7.92,11.14127,80.4,5.3434
Tajikistan,2014,702,Authoritarian,Central and Eastern Europe,Europe,4.896,0,2546.34,10.47,6.727319,67.986,37.9184
Tanzania,2014,510,Hybrid regime,Sub-Saharan Africa,Africa,3.483,0,2402.1,2.12,6.406898,62.258,119.6518
Thailand,2014,800,Hybrid regime,Southeastern Asia,Asia,6.985,1,14857.2,0.58,3.711993,71.166,51.6782
Tunisia,2014,616,Flawed democracy,Middle East and Northern Africa,Africa,4.764,0,10767.03,15.06,6.811608,73.328,7.6152
Turkey,2014,640,Hybrid regime,Middle East and Northern Africa,Africa,5.58,1,22401.87,9.88,4.347266,71.958,29.085
Turkmenistan,2014,701,Authoritarian,Central and Eastern Europe,Europe,5.787,1,14332.37,3.58,5.497773,64.138,25.6402
Uganda,2014,500,Hybrid regime,Sub-Saharan Africa,Africa,3.77,0,1637.28,1.91,7.254432,57.048,118.5896
Ukraine,2014,369,Hybrid regime,Central and Eastern Europe,Europe,4.297,0,8243.47,9.27,6.138769,66.25,26.3078
United Arab Emirates,2014,696,Authoritarian,Middle East and Northern Africa,Africa,6.54,1,63943.19,2.28,3.663703,76.264,27.9242
United Kingdom,2014,200,Full democracy,Western Europe,Europe,6.758,1,38251.79,6.11,9.799457,79.5,15.6456
United States,2014,2,Flawed democracy,North America,North America,7.151,1,51921.98,6.17,16.51621,76.5,24.267
Uruguay,2014,165,Full democracy,Latin America and Caribbean,South America,6.561,1,19827.56,6.55,9.064618,73.506,56.6808
Uzbekistan,2014,704,Authoritarian,Central and Eastern Europe,Europe,6.049,1,5370.87,8,5.924399,68.329,17.1198
Vietnam,2014,816,Authoritarian,Southeastern Asia,Asia,5.085,0,5264.83,1.87,5.783177,71.067,32.5498
Zambia,2014,551,Hybrid regime,Sub-Saharan Africa,Africa,4.346,0,3632.5,7.78,5.096675,58.389,92.2824
Zimbabwe,2014,552,Authoritarian,Sub-Saharan Africa,Africa,4.184,0,2209.68,5.14,8.886317,57.657,109.2926
Afghanistan,2013,700,Authoritarian,Southern Asia,Asia,3.572,0,1838.41,8.45,8.805964,61.286,81.7908
Argentina,2013,160,Flawed democracy,Latin America and Caribbean,South America,6.582,1,19482.19,7.1,6.387981,72.237,63.7388
Armenia,2013,371,Hybrid regime,Central and Eastern Europe,Europe,4.277,0,7727.93,16.18,8.269839,70.689,26.405
Australia,2013,900,Full democracy,Australia and New Zealand,Pacific,7.364,1,43118.09,5.66,8.805844,80.1,14.4212
Austria,2013,305,Full democracy,Western Europe,Europe,7.499,1,44301.1,5.33,10.18611,78.6,8.15
Azerbaijan,2013,373,Authoritarian,Central and Eastern Europe,Europe,5.481,0,16593.19,4.97,5.358356,68.638,49.876
Bahrain,2013,692,Authoritarian,Middle East and Northern Africa,Africa,6.69,1,42680.2,1.21,4.260156,75.674,13.868
Bangladesh,2013,771,Hybrid regime,Southern Asia,Asia,4.66,0,2835.77,4.43,2.654468,69.968,87.1072
Belarus,2013,370,Authoritarian,Central and Eastern Europe,Europe,5.876,1,17644.85,0.51,5.759875,67.3,20.4384
Belgium,2013,211,Flawed democracy,Western Europe,Europe,7.104,1,40928.14,8.43,10.36682,78.1,5.7988
Benin,2013,434,Hybrid regime,Sub-Saharan Africa,Africa,3.479,0,1934.65,2.64,3.906791,58.637,94.3112
Bolivia,2013,145,Hybrid regime,Latin America and Caribbean,South America,5.767,1,6090.7,2.39,5.524596,65.532,71.6922
Bosnia and Herzegovina,2013,346,Hybrid regime,Central and Eastern Europe,Europe,5.124,0,10284.73,27.45,9.486897,73.804,11.6494
Botswana,2013,571,Flawed democracy,Sub-Saharan Africa,Africa,4.128,0,15239.74,17.72,5.436351,60.617,36.9268
Brazil,2013,140,Flawed democracy,Latin America and Caribbean,South America,7.14,1,15432.89,6.99,7.988362,71.11,65.9186
Bulgaria,2013,355,Flawed democracy,Central and Eastern Europe,Europe,3.993,0,15938.88,12.94,7.849151,71.3,42.6728
Burkina Faso,2013,439,Hybrid regime,Sub-Saharan Africa,Africa,3.326,0,1562.31,6,6.059873,58.255,113.1922
Cambodia,2013,811,Authoritarian,Southeastern Asia,Asia,3.674,0,2964.2,0.3,6.059873,65.729,49.0882
Cameroon,2013,471,Authoritarian,Sub-Saharan Africa,Africa,4.271,0,3100.17,4.28,4.926677,55.441,117.9272
Canada,2013,20,Full democracy,North America,North America,7.594,1,42339.38,7.07,10.11527,79.794,10.9476
Chad,2013,483,Authoritarian,Sub-Saharan Africa,Africa,3.508,0,2007.08,5.69,4.809581,50.635,174.794
Chile,2013,155,Flawed democracy,Latin America and Caribbean,South America,6.74,1,21998.31,6.21,7.359299,76.271,49.416
China,2013,710,Authoritarian,Eastern Asia,Asia,5.241,0,11951.25,4.54,4.866111,74.322,6.7856
Colombia,2013,100,Flawed democracy,Latin America and Caribbean,South America,6.607,1,12208.59,9.19,6.014062,70.29,55.617
"Congo, Rep",2013,484,Authoritarian,Sub-Saharan Africa,Africa,3.955,0,5317.09,10,2.403057,61.354,120.9054
Costa Rica,2013,94,Full democracy,Latin America and Caribbean,South America,7.158,1,14035.29,8.96,8.294004,76.814,57.943
Croatia,2013,344,Flawed democracy,Central and Eastern Europe,Europe,5.885,1,20299.39,17.25,7.299483,74.2,10.7226
Czech Republic,2013,316,Flawed democracy,Central and Eastern Europe,Europe,6.698,1,28379.75,6.95,7.806695,75.2,10.8366
Denmark,2013,390,Full democracy,Western Europe,Europe,7.589,1,44564.45,7,10.21235,78.3,4.3734
Dominican Republic,2013,42,Flawed democracy,Latin America and Caribbean,South America,5.016,0,11907.2,7.07,5.995891,70.257,99.4934
Ecuador,2013,130,Flawed democracy,Latin America and Caribbean,South America,6.019,1,6789.86,3.69,8.534428,72.939,76.6434
El Salvador,2013,92,Hybrid regime,Latin America and Caribbean,South America,6.325,1,10665.46,3.08,6.918964,68.02,72.7038
Estonia,2013,366,Flawed democracy,Central and Eastern Europe,Europe,5.367,0,26282.91,8.63,6.023097,72.8,15.4298
Finland,2013,375,Full democracy,Western Europe,Europe,7.445,1,39428.31,8.19,9.492021,78,7.2922
France,2013,220,Flawed democracy,Western Europe,Europe,6.667,1,37350.28,9.92,10.92933,79,9.2798
Gabon,2013,481,Authoritarian,Sub-Saharan Africa,Africa,3.8,0,16502.8,20.19,2.840872,63.346,108.033
Georgia,2013,372,Hybrid regime,Central and Eastern Europe,Europe,4.349,0,8254.01,14.56,8.395724,68.557,50.499
Germany,2013,255,Full democracy,Western Europe,Europe,6.965,1,42914.48,5.23,10.968,78.1,7.7574
Ghana,2013,452,Flawed democracy,Sub-Saharan Africa,Africa,4.965,0,3807.34,2.17,5.766043,60.893,70.743
Greece,2013,350,Flawed democracy,Western Europe,Europe,4.72,0,23746.08,27.47,8.335544,78.7,8.2758
Guatemala,2013,90,Hybrid regime,Latin America and Caribbean,South America,5.985,1,7005.04,3.32,6.219588,69.335,77.0428
Guinea,2013,438,Authoritarian,Sub-Saharan Africa,Africa,3.902,0,1711.71,4.54,4.65245,57.764,143.7572
Haiti,2013,41,Hybrid regime,Latin America and Caribbean,South America,4.622,0,1629.36,13.85,7.237882,60.308,40.502
Honduras,2013,91,Hybrid regime,Latin America and Caribbean,South America,4.713,0,4177.58,4.1,8.231703,70.488,76.3666
Hungary,2013,310,Flawed democracy,Central and Eastern Europe,Europe,4.914,0,23119.02,10.18,7.288333,72.2,20.1876
India,2013,750,Flawed democracy,Southern Asia,Asia,4.428,0,5073.61,3.46,3.748426,66.353,28.9196
Indonesia,2013,850,Flawed democracy,Southeastern Asia,Asia,5.292,0,15223.58,8.06,3.370694,66.68,49.8548
Iraq,2013,645,Hybrid regime,Middle East and Northern Africa,Africa,4.725,0,9643.27,4.34,3.186392,66.954,78.788
Ireland,2013,205,Full democracy,Western Europe,Europe,6.76,1,45470.16,13.04,10.41887,79,11.5548
Israel,2013,666,Flawed democracy,Middle East and Northern Africa,Africa,7.321,1,31250.8,6.21,7.100528,80.3,11.0776
Italy,2013,325,Flawed democracy,Western Europe,Europe,6.009,1,34219.83,12.15,8.952267,80.3,6.3248
Japan,2013,740,Flawed democracy,Eastern Asia,Asia,5.959,1,37148.6,4.03,10.79159,80.21,4.3988
Jordan,2013,663,Authoritarian,Middle East and Northern Africa,Africa,5.172,0,8756.71,12.6,7.349612,72.274,25.823
Kazakhstan,2013,705,Authoritarian,Central and Eastern Europe,Europe,5.835,1,22972.43,5.2,3.766167,65.75,31.1692
Kenya,2013,501,Hybrid regime,Sub-Saharan Africa,Africa,3.795,0,2682.95,11.77,5.682777,63.326,85.6994
Kuwait,2013,690,Authoritarian,Middle East and Northern Africa,Africa,6.48,1,74084.52,3.43,2.585434,73.506,10.6078
Latvia,2013,367,Flawed democracy,Central and Eastern Europe,Europe,5.07,0,21563.61,11.87,7.513613,69.3,14.9238
Lebanon,2013,660,Hybrid regime,Middle East and Northern Africa,Africa,4.983,0,14402.3,6.58,7.498243,77.403,13.2418
Lithuania,2013,368,Flawed democracy,Central and Eastern Europe,Europe,5.596,1,25143.81,11.77,6.133918,68.5,13.519
Luxembourg,2013,212,Full democracy,Western Europe,Europe,7.131,1,90656.38,5.85,6.547803,79.8,6.1626
Madagascar,2013,580,Hybrid regime,Sub-Saharan Africa,Africa,3.816,0,1364.35,0.89,4.036008,63.212,117.9436
Malawi,2013,553,Hybrid regime,Sub-Saharan Africa,Africa,4.035,0,1062.17,5.95,11.5791,58.524,143.323
Malaysia,2013,820,Flawed democracy,Southeastern Asia,Asia,5.77,1,23224.19,3.11,3.673367,72.662,13.202
Mali,2013,432,Hybrid regime,Sub-Saharan Africa,Africa,3.676,0,1793.72,7.3,5.426386,55.901,176.9494
Malta,2013,338,Full democracy,Western Europe,Europe,6.38,1,30043.62,6.39,8.852644,79.6,17.3344
Mauritania,2013,435,Authoritarian,Sub-Saharan Africa,Africa,4.199,0,3565.52,10.08,3.628191,61.25,84.3498
Mexico,2013,70,Flawed democracy,Latin America and Caribbean,South America,7.443,1,16385.06,4.94,6.014017,74.146,64.8288
Moldova,2013,359,Hybrid regime,Central and Eastern Europe,Europe,5.756,1,4541.87,5.1,10.32629,66.747,24.9128
Mongolia,2013,712,Flawed democracy,Eastern Asia,Asia,4.913,0,10720.06,4.23,4.000605,64.594,26.0224
Montenegro,2013,341,Hybrid regime,Central and Eastern Europe,Europe,5.074,0,14548.05,19.5,6.046908,74.04,13.0234
Morocco,2013,600,Hybrid regime,Middle East and Northern Africa,Africa,5.142,0,6995.94,9.23,5.647984,73.836,33.4254
Nepal,2013,790,Hybrid regime,Southern Asia,Asia,4.605,0,2163.95,3.3,5.680523,67.625,66.8868
Netherlands,2013,210,Full democracy,Western Europe,Europe,7.407,1,45191.49,7.24,10.8974,79.5,4.357
New Zealand,2013,920,Full democracy,Australia and New Zealand,Pacific,7.28,1,33782.1,5.76,9.406715,79.7,22.3476
Nicaragua,2013,93,Authoritarian,Latin America and Caribbean,South America,5.772,1,4618.73,5.28,7.360906,71.522,91.3064
Niger,2013,436,Authoritarian,Sub-Saharan Africa,Africa,3.716,0,874.08,0.34,6.089377,57.831,200.084
Pakistan,2013,770,Hybrid regime,Southern Asia,Asia,5.138,0,4464.09,2.95,2.602802,65.022,40.0408
Panama,2013,95,Flawed democracy,Latin America and Caribbean,South America,6.866,1,19377.91,4.1,6.596399,74.438,85.8544
Paraguay,2013,150,Flawed democracy,Latin America and Caribbean,South America,5.936,1,10581.33,4.38,6.969388,70.734,59.3316
Peru,2013,135,Flawed democracy,Latin America and Caribbean,South America,5.783,1,11430.26,3.24,4.81234,71.678,51.2046
Philippines,2013,840,Flawed democracy,Southeastern Asia,Asia,4.977,0,6306.75,3.5,4.463811,65.433,57.923
Poland,2013,290,Flawed democracy,Central and Eastern Europe,Europe,5.746,1,23555.5,10.33,6.37569,73,14.0076
Portugal,2013,235,Flawed democracy,Western Europe,Europe,5.158,0,25654.61,16.18,9.089545,77.6,11.4404
Romania,2013,360,Flawed democracy,Central and Eastern Europe,Europe,5.082,0,19077.16,7.1,5.177769,71.6,35.6942
Rwanda,2013,517,Authoritarian,Sub-Saharan Africa,Africa,3.466,0,1556.06,2.27,7.905883,63.551,29.9426
Saudi Arabia,2013,670,Authoritarian,Middle East and Northern Africa,Africa,6.495,1,49537.59,5.57,4.390346,72.787,9.881
Senegal,2013,433,Flawed democracy,Sub-Saharan Africa,Africa,3.647,0,2732.96,7.69,3.847926,63.97,81.4176
Serbia,2013,272,Flawed democracy,Central and Eastern Europe,Europe,5.102,0,13294.88,22.15,9.900402,72.6,20.5658
Sierra Leone,2013,451,Hybrid regime,Sub-Saharan Africa,Africa,4.514,0,1655.12,4.63,11.56772,49.854,123.8392
Singapore,2013,830,Flawed democracy,Southeastern Asia,Asia,6.533,1,78896.61,2.79,3.720689,80.1,3.8628
Slovenia,2013,317,Flawed democracy,Central and Eastern Europe,Europe,5.975,1,27622.69,10.1,8.756745,77.2,4.7032
South Africa,2013,560,Flawed democracy,Sub-Saharan Africa,Africa,3.661,0,12339.73,24.57,7.721369,56.463,49.356
Spain,2013,230,Full democracy,Western Europe,Europe,6.15,1,30678.92,26.09,9.019413,80.2,8.918
Sri Lanka,2013,780,Flawed democracy,Southern Asia,Asia,4.365,0,10238.71,4.44,2.772942,71.351,17.0392
Sweden,2013,380,Full democracy,Western Europe,Europe,7.434,1,43475.8,8.01,11.1008,80.2,5.3782
Tajikistan,2013,702,Authoritarian,Central and Eastern Europe,Europe,4.967,0,2440.28,10.61,6.338772,67.789,38.4192
Tanzania,2013,510,Hybrid regime,Sub-Saharan Africa,Africa,3.852,0,2316.44,2.93,6.562189,61.45,121.1804
Thailand,2013,800,Hybrid regime,Southeastern Asia,Asia,6.231,1,14771.47,0.49,3.456792,70.974,51.6206
Tunisia,2013,616,Flawed democracy,Middle East and Northern Africa,Africa,5.246,0,10579.12,15.93,6.85589,73.146,7.6026
Turkey,2013,640,Hybrid regime,Middle East and Northern Africa,Africa,4.888,0,21650.75,8.73,4.404118,71.678,30.164
Turkmenistan,2013,701,Authoritarian,Central and Eastern Europe,Europe,5.392,0,13236.04,3.63,5.150633,63.956,26.0476
Uganda,2013,500,Hybrid regime,Sub-Saharan Africa,Africa,3.71,0,1610.81,1.91,7.169881,56.71,122.6188
Ukraine,2013,369,Hybrid regime,Central and Eastern Europe,Europe,4.711,0,8338.92,7.17,6.937488,66.34,27.1304
United Arab Emirates,2013,696,Authoritarian,Middle East and Northern Africa,Africa,6.621,1,61688.38,2.62,3.620049,76.115,27.7726
United Kingdom,2013,200,Full democracy,Western Europe,Europe,6.918,1,37398.8,7.53,9.854756,79.2,16.6948
United States,2013,2,Flawed democracy,North America,North America,7.249,1,51003.69,7.38,16.32292,76.4,26.093
Uruguay,2013,165,Full democracy,Latin America and Caribbean,South America,6.444,1,19270.58,6.44,9.080702,73.341,57.3324
Uzbekistan,2013,704,Authoritarian,Central and Eastern Europe,Europe,5.94,1,5067.36,8.06,5.886264,68.128,17.3184
Vietnam,2013,816,Authoritarian,Southeastern Asia,Asia,5.023,0,5024.44,1.95,6.37149,70.839,34.3054
Zambia,2013,551,Hybrid regime,Sub-Saharan Africa,Africa,5.244,0,3576.68,7.82,5.123064,57.708,95.4372
Zimbabwe,2013,552,Authoritarian,Sub-Saharan Africa,Africa,4.69,0,2209.59,5.21,7.675996,56.461,111.0298
Afghanistan,2012,700,Authoritarian,Southern Asia,Asia,3.783,0,1799.59,7.94,7.897168,60.892,86.123
Argentina,2012,160,Flawed democracy,Latin America and Caribbean,South America,6.468,1,19224.87,7.22,6.257964,72.065,63.976
Armenia,2012,371,Hybrid regime,Central and Eastern Europe,Europe,4.32,0,7511.13,17.31,6.71186,70.455,27.215
Australia,2012,900,Full democracy,Australia and New Zealand,Pacific,7.196,1,42754.46,5.22,8.725502,79.9,14.801
Austria,2012,305,Full democracy,Western Europe,Europe,7.401,1,44551.62,4.87,10.13022,78.4,8.464
Azerbaijan,2012,373,Authoritarian,Central and Eastern Europe,Europe,4.911,0,15888.22,5.19,5.102518,68.433,48.964
Bahrain,2012,692,Authoritarian,Middle East and Northern Africa,Africa,5.027,0,40960.33,1.2,4.163415,75.541,13.993
Bangladesh,2012,771,Hybrid regime,Southern Asia,Asia,4.724,0,2706.59,3.91,2.748235,69.657,88.007
Belarus,2012,370,Authoritarian,Central and Eastern Europe,Europe,5.749,1,17472.32,0.62,5.320712,66.6,21.258
Belgium,2012,211,Flawed democracy,Western Europe,Europe,6.935,1,41046.48,7.54,10.18429,77.8,6.029
Benin,2012,434,Hybrid regime,Sub-Saharan Africa,Africa,3.193,0,1855.95,2.64,4.665428,58.392,96.365
Bolivia,2012,145,Hybrid regime,Latin America and Caribbean,South America,6.019,1,5792.93,2.05,5.125342,65.085,72.579
Bosnia and Herzegovina,2012,346,Hybrid regime,Central and Eastern Europe,Europe,4.773,0,9929.65,28.05,9.501308,73.626,12.057
Botswana,2012,571,Flawed democracy,Sub-Saharan Africa,Africa,4.836,0,13943.89,17.49,6.367002,59.457,38.663
Brazil,2012,140,Flawed democracy,Latin America and Caribbean,South America,6.66,1,15119.91,7.19,7.816547,70.808,66.999
Bulgaria,2012,355,Flawed democracy,Central and Eastern Europe,Europe,4.222,0,15772.02,12.27,7.591394,70.9,43.466
Burkina Faso,2012,439,Hybrid regime,Sub-Saharan Africa,Africa,3.955,0,1521.45,5.55,4.89313,57.709,115.408
Cambodia,2012,811,Authoritarian,Southeastern Asia,Asia,3.899,0,2807.01,0.16,4.89313,65.303,48.816
Cameroon,2012,471,Authoritarian,Sub-Saharan Africa,Africa,4.245,0,3021.21,4.23,4.99368,55.025,120.959
Canada,2012,20,Full democracy,North America,North America,7.415,1,41794.54,7.29,10.22293,79.564,11.334
Chad,2012,483,Authoritarian,Sub-Saharan Africa,Africa,4.033,0,1962.88,5.7,3.587667,50.205,178.22
Chile,2012,155,Flawed democracy,Latin America and Caribbean,South America,6.599,1,21330.24,6.66,7.02092,76.071,50.361
China,2012,710,Authoritarian,Eastern Asia,Asia,5.095,0,11145.75,4.47,4.793086,74.15,6.88
Colombia,2012,100,Flawed democracy,Latin America and Caribbean,South America,6.375,1,11790.33,9.81,6.102471,70.102,57.657
"Congo, Rep",2012,484,Authoritarian,Sub-Saharan Africa,Africa,3.919,0,5271.17,10,2.001644,60.672,123.177
Costa Rica,2012,94,Full democracy,Latin America and Caribbean,South America,7.272,1,13878.05,9.9,8.133193,76.635,59.064
Croatia,2012,344,Flawed democracy,Central and Eastern Europe,Europe,6.028,1,20342.97,15.93,7.796955,73.9,11.172
Czech Republic,2012,316,Flawed democracy,Central and Eastern Europe,Europe,6.334,1,28527.14,6.98,7.028435,75.1,11.047
Denmark,2012,390,Full democracy,Western Europe,Europe,7.52,1,44336.81,7.53,10.26924,78.1,4.436
Dominican Republic,2012,42,Flawed democracy,Latin America and Caribbean,South America,4.753,0,11494.95,6.52,5.906321,70.067,100.624
Ecuador,2012,130,Flawed democracy,Latin America and Caribbean,South America,5.961,1,6663.81,3.85,8.38016,72.712,77.325
El Salvador,2012,92,Hybrid regime,Latin America and Caribbean,South America,5.934,1,10322.18,3.23,6.703732,67.746,73.515
Estonia,2012,366,Flawed democracy,Central and Eastern Europe,Europe,5.364,0,25692,10.02,5.827465,71.4,16.131
Finland,2012,375,Full democracy,Western Europe,Europe,7.42,1,39912.94,7.69,9.291136,77.7,7.423
France,2012,220,Flawed democracy,Western Europe,Europe,6.649,1,37327.94,9.4,10.8277,78.7,9.439
Gabon,2012,481,Authoritarian,Sub-Saharan Africa,Africa,3.972,0,16159.49,20.23,2.420976,62.909,111.216
Georgia,2012,372,Hybrid regime,Central and Eastern Europe,Europe,4.254,0,7881.33,15.04,8.373142,68.489,51.648
Germany,2012,255,Full democracy,Western Europe,Europe,6.702,1,42822.1,5.38,10.80504,78.1,8.063
Ghana,2012,452,Flawed democracy,Sub-Saharan Africa,Africa,5.057,0,3632.45,3.63,5.460606,60.617,71.776
Greece,2012,350,Flawed democracy,Western Europe,Europe,5.096,0,24364.27,24.44,8.776456,78,8.539
Guatemala,2012,90,Hybrid regime,Latin America and Caribbean,South America,5.856,1,6899.09,2.87,6.263126,68.997,78.571
Guinea,2012,438,Authoritarian,Sub-Saharan Africa,Africa,3.652,0,1684.15,4.53,4.567361,57.186,145.873
Haiti,2012,41,Hybrid regime,Latin America and Caribbean,South America,4.413,0,1584.83,14.1,10.08948,59.969,41.265
Honduras,2012,91,Hybrid regime,Latin America and Caribbean,South America,4.602,0,4136.82,3.75,8.433287,70.314,77.761
Hungary,2012,310,Flawed democracy,Central and Eastern Europe,Europe,4.683,0,22582.07,11,7.497541,71.6,20.315
India,2012,750,Flawed democracy,Southern Asia,Asia,4.72,0,4827.56,3.62,3.328474,66.083,30.381
Indonesia,2012,850,Flawed democracy,Southeastern Asia,Asia,5.368,0,14625.97,7.96,3.375138,66.501,50.475
Iraq,2012,645,Hybrid regime,Middle East and Northern Africa,Africa,4.66,0,9251.18,4.47,3.18465,66.601,78.451
Ireland,2012,205,Full democracy,Western Europe,Europe,6.965,1,44973.18,14.67,10.06058,78.7,12.028
Israel,2012,666,Flawed democracy,Middle East and Northern Africa,Africa,7.111,1,30582.15,6.86,7.131971,79.9,11.543
Italy,2012,325,Flawed democracy,Western Europe,Europe,5.839,1,35227.62,10.65,8.956061,79.8,6.381
Japan,2012,740,Flawed democracy,Eastern Asia,Asia,5.968,1,36367.6,4.35,10.79065,79.94,4.479
Jordan,2012,663,Authoritarian,Middle East and Northern Africa,Africa,5.132,0,8964.26,12.2,7.994355,72.143,26.669
Kazakhstan,2012,705,Authoritarian,Central and Eastern Europe,Europe,5.759,1,21986.32,5.29,3.9842,64.84,32.087
Kenya,2012,501,Hybrid regime,Sub-Saharan Africa,Africa,4.547,0,2602.5,11.88,5.657674,62.677,87.002
Kuwait,2012,690,Authoritarian,Middle East and Northern Africa,Africa,6.221,1,77618,3.51,2.573775,73.411,11.012
Latvia,2012,367,Flawed democracy,Central and Eastern Europe,Europe,5.125,0,20827.8,15.05,7.64328,68.9,15.289
Lebanon,2012,660,Hybrid regime,Middle East and Northern Africa,Africa,4.573,0,15056.61,6.55,7.954916,77.202,13.597
Lithuania,2012,368,Flawed democracy,Central and Eastern Europe,Europe,5.771,1,24049.25,13.36,6.288195,68.4,14.228
Luxembourg,2012,212,Full democracy,Western Europe,Europe,6.964,1,89505.16,5.14,6.571739,79.1,6.404
Madagascar,2012,580,Hybrid regime,Sub-Saharan Africa,Africa,3.551,0,1370.95,0.6,3.801342,62.794,120.032
Malawi,2012,553,Hybrid regime,Sub-Saharan Africa,Africa,4.279,0,1039.76,6.13,8.478971,57.524,144.095
Malaysia,2012,820,Flawed democracy,Southeastern Asia,Asia,5.914,1,22590.79,3.02,3.629782,72.468,13.149
Mali,2012,432,Hybrid regime,Sub-Saharan Africa,Africa,4.313,0,1804.94,7.1,4.40235,55.48,178.905
Malta,2012,338,Full democracy,Western Europe,Europe,5.963,1,29125.41,6.31,8.621515,78.6,17.512
Mauritania,2012,435,Authoritarian,Sub-Saharan Africa,Africa,4.673,0,3462.56,10.1,3.344049,61.029,85.632
Mexico,2012,70,Flawed democracy,Latin America and Caribbean,South America,7.32,1,16394.63,4.92,5.924072,73.977,65.97
Moldova,2012,359,Hybrid regime,Central and Eastern Europe,Europe,5.996,1,4150.51,5.58,10.9274,66.411,25.652
Mongolia,2012,712,Flawed democracy,Eastern Asia,Asia,4.885,0,9788.83,3.9,3.684191,64.269,26.62
Montenegro,2012,341,Hybrid regime,Central and Eastern Europe,Europe,5.219,0,14069.81,19.73,6.142165,73.717,13.33
Morocco,2012,600,Hybrid regime,Middle East and Northern Africa,Africa,4.97,0,6791.34,8.99,5.749423,73.487,34.008
Nepal,2012,790,Hybrid regime,Southern Asia,Asia,4.233,0,2103.35,2.89,5.167864,67.266,68.488
Netherlands,2012,210,Full democracy,Western Europe,Europe,7.471,1,45411.35,5.82,10.90368,79.3,4.448
New Zealand,2012,920,Full democracy,Australia and New Zealand,Pacific,7.25,1,33369.27,6.41,9.699449,79.4,22.929
Nicaragua,2012,93,Authoritarian,Latin America and Caribbean,South America,5.448,0,4453.25,5.21,7.498739,71.228,92.784
Niger,2012,436,Authoritarian,Sub-Saharan Africa,Africa,3.798,0,862.87,0.38,6.003681,57.3,202.109
Pakistan,2012,770,Hybrid regime,Southern Asia,Asia,5.132,0,4367.45,1.84,2.359399,64.792,40.824
Panama,2012,95,Flawed democracy,Latin America and Caribbean,South America,6.86,1,18441.35,4.05,6.113297,74.241,86.861
Paraguay,2012,150,Flawed democracy,Latin America and Caribbean,South America,5.82,1,9892.17,4.09,7.618913,70.595,60.241
Peru,2012,135,Flawed democracy,Latin America and Caribbean,South America,5.825,1,10943.92,3.11,4.748318,71.464,52.139
Philippines,2012,840,Flawed democracy,Southeastern Asia,Asia,5.002,0,5988.8,3.5,4.374653,65.313,57.279
Poland,2012,290,Flawed democracy,Central and Eastern Europe,Europe,5.876,1,23218.11,10.09,6.201178,72.6,14.333
Portugal,2012,235,Flawed democracy,Western Europe,Europe,4.994,0,25805.85,15.53,9.348252,77.3,11.951
Romania,2012,360,Flawed democracy,Central and Eastern Europe,Europe,5.167,0,18361.15,6.79,4.705835,70.9,36.352
Rwanda,2012,517,Authoritarian,Sub-Saharan Africa,Africa,3.333,0,1524.07,3.44,8.501029,62.934,30.996
Saudi Arabia,2012,670,Authoritarian,Middle East and Northern Africa,Africa,6.396,1,49658.65,5.52,3.929937,72.617,10.41
Senegal,2012,433,Flawed democracy,Sub-Saharan Africa,Africa,3.669,0,2738.79,9.03,3.822821,63.529,83.601
Serbia,2012,272,Flawed democracy,Central and Eastern Europe,Europe,5.155,0,12898.63,24,9.915927,72.3,20.986
Slovenia,2012,317,Flawed democracy,Central and Eastern Europe,Europe,6.063,1,27976.92,8.84,8.727108,77.1,4.835
South Africa,2012,560,Flawed democracy,Sub-Saharan Africa,Africa,5.134,0,12215.25,24.73,7.752553,55.317,51
Spain,2012,230,Full democracy,Western Europe,Europe,6.291,1,31109.19,24.79,9.073001,79.5,8.998
Sri Lanka,2012,780,Flawed democracy,Southern Asia,Asia,4.225,0,9980.02,3.88,2.605684,71.197,17.777
Sweden,2012,380,Full democracy,Western Europe,Europe,7.56,1,43308.21,7.96,10.93821,79.9,5.413
Tajikistan,2012,702,Authoritarian,Central and Eastern Europe,Europe,4.497,0,2324.07,10.75,6.00739,67.554,38.92
Tanzania,2012,510,Hybrid regime,Sub-Saharan Africa,Africa,4.007,0,2227.83,3.24,7.659898,60.679,122.709
Thailand,2012,800,Hybrid regime,Southeastern Asia,Asia,6.3,1,14448.31,0.58,3.525312,70.789,51.563
Tunisia,2012,616,Flawed democracy,Middle East and Northern Africa,Africa,4.464,0,10404.22,17.63,6.606423,72.975,7.59
Turkey,2012,640,Hybrid regime,Middle East and Northern Africa,Africa,5.309,0,20282.02,8.15,4.47785,71.388,31.243
Turkmenistan,2012,701,Authoritarian,Central and Eastern Europe,Europe,5.464,0,12235.37,3.67,4.775952,63.734,26.455
Uganda,2012,500,Hybrid regime,Sub-Saharan Africa,Africa,4.309,0,1608.44,3.55,7.817894,56.328,126.648
Ukraine,2012,369,Hybrid regime,Central and Eastern Europe,Europe,5.03,0,8322.17,7.53,6.771426,66.11,27.953
United Arab Emirates,2012,696,Authoritarian,Middle East and Northern Africa,Africa,7.218,1,59419.09,2.97,3.435844,75.965,27.621
United Kingdom,2012,200,Full democracy,Western Europe,Europe,6.881,1,36892.85,7.89,8.475763,79.1,17.744
United States,2012,2,Flawed democracy,North America,North America,7.026,1,50520.35,8.07,16.35507,76.4,27.919
Uruguay,2012,165,Full democracy,Latin America and Caribbean,South America,6.45,1,18477.38,6.45,8.863316,73.183,57.984
Uzbekistan,2012,704,Authoritarian,Central and Eastern Europe,Europe,6.019,1,4765.86,8.11,5.954689,67.864,17.517
Vietnam,2012,816,Authoritarian,Southeastern Asia,Asia,5.535,1,4821.14,1.77,6.477713,70.615,36.061
Zambia,2012,551,Hybrid regime,Sub-Saharan Africa,Africa,5.013,0,3509.41,7.85,4.828276,56.847,98.592
Zimbabwe,2012,552,Authoritarian,Sub-Saharan Africa,Africa,4.955,0,2217.1,5.33,8.30772,55.036,112.767
Afghanistan,2011,700,Authoritarian,Southern Asia,Asia,3.832,0,1649.15,8.23,8.561907,60.484,92.3776
Argentina,2011,160,Flawed democracy,Latin America and Caribbean,South America,6.776,1,19629.35,7.18,6.343036,71.896,63.9276
Armenia,2011,371,Hybrid regime,Central and Eastern Europe,Europe,4.26,0,7022.1,18.44,3.77726,70.205,27.329
Australia,2011,900,Full democracy,Australia and New Zealand,Pacific,7.406,1,41894.17,5.08,8.585724,79.7,15.2608
Austria,2011,305,Full democracy,Western Europe,Europe,7.471,1,44452.73,4.56,9.909371,78.3,8.9966
Azerbaijan,2011,373,Authoritarian,Central and Eastern Europe,Europe,4.68,0,15754.15,5.42,4.79071,68.175,46.8682
Bahrain,2011,692,Authoritarian,Middle East and Northern Africa,Africa,4.824,0,40164.58,1.23,3.056254,75.405,14.1518
Bangladesh,2011,771,Hybrid regime,Southern Asia,Asia,4.986,0,2570.85,3.65,2.78283,69.343,89.2362
Belarus,2011,370,Authoritarian,Central and Eastern Europe,Europe,5.225,0,17166.7,0.68,4.659709,64.7,21.4214
Belgium,2011,211,Flawed democracy,Western Europe,Europe,7.111,1,41248.73,7.14,10.08101,78,6.8292
Benin,2011,434,Hybrid regime,Sub-Saharan Africa,Africa,3.87,0,1820.9,2.65,4.243509,58.141,98.8278
Bolivia,2011,145,Hybrid regime,Latin America and Caribbean,South America,5.779,1,5598.51,2.22,5.063233,64.606,74.4374
Bosnia and Herzegovina,2011,346,Hybrid regime,Central and Eastern Europe,Europe,4.995,0,9901.55,27.6,9.185819,73.452,12.8836
Botswana,2011,571,Flawed democracy,Sub-Saharan Africa,Africa,3.52,0,13596.17,17.62,6.32419,58.322,40.781
Brazil,2011,140,Flawed democracy,Latin America and Caribbean,South America,7.038,1,14973.1,6.69,7.817211,70.481,67.477
Bulgaria,2011,355,Flawed democracy,Central and Eastern Europe,Europe,3.875,0,15676.08,11.26,7.143873,70.7,43.5952
Burkina Faso,2011,439,Hybrid regime,Sub-Saharan Africa,Africa,4.785,0,1472.72,5.1,5.20144,57.106,118.2566
Cambodia,2011,811,Authoritarian,Southeastern Asia,Asia,4.161,0,2658.71,0.2,5.20144,64.833,48.4484
Cameroon,2011,471,Authoritarian,Sub-Saharan Africa,Africa,4.434,0,2969.05,4.17,3.750355,54.646,123.1222
Canada,2011,20,Full democracy,North America,North America,7.426,1,41565.27,7.51,10.21966,79.4,11.8552
Chad,2011,483,Authoritarian,Sub-Saharan Africa,Africa,4.393,0,1863.85,5.7,3.914704,49.742,181.792
Chile,2011,155,Flawed democracy,Latin America and Caribbean,South America,6.526,1,20437.7,7.34,6.771788,75.883,51.2002
China,2011,710,Authoritarian,Eastern Asia,Asia,5.037,0,10384.37,4.34,4.619263,73.967,6.926
Colombia,2011,100,Flawed democracy,Latin America and Caribbean,South America,6.464,1,11463.54,10.19,5.942001,69.913,58.8626
"Congo, Rep",2011,484,Authoritarian,Sub-Saharan Africa,Africa,4.51,0,5213.95,13.06,1.899274,59.92,124.1216
Costa Rica,2011,94,Full democracy,Latin America and Caribbean,South America,7.229,1,13397.23,10.18,8.442385,76.477,60.1492
Croatia,2011,344,Flawed democracy,Central and Eastern Europe,Europe,5.385,0,20758.46,13.68,7.806047,73.8,11.8532
Czech Republic,2011,316,Flawed democracy,Central and Eastern Europe,Europe,6.331,1,28797.42,6.71,6.976892,74.8,11.061
Denmark,2011,390,Full democracy,Western Europe,Europe,7.788,1,44403.39,7.57,10.19669,77.8,4.7226
Dominican Republic,2011,42,Flawed democracy,Latin America and Caribbean,South America,5.397,0,11333.55,5.82,5.644175,69.875,102.2394
Ecuador,2011,130,Flawed democracy,Latin America and Caribbean,South America,5.795,1,6511.44,4.3,7.765416,72.489,78.4622
El Salvador,2011,92,Hybrid regime,Latin America and Caribbean,South America,4.741,0,9926.9,3.46,6.806949,67.465,75.3112
Estonia,2011,366,Flawed democracy,Central and Eastern Europe,Europe,5.487,0,24543.07,12.33,5.82262,71.4,17.4174
Finland,2011,375,Full democracy,Western Europe,Europe,7.354,1,40683.53,7.78,8.94887,77.3,7.7846
France,2011,220,Flawed democracy,Western Europe,Europe,6.959,1,37440.64,8.81,10.72586,78.7,9.5568
Gabon,2011,481,Authoritarian,Sub-Saharan Africa,Africa,4.255,0,15893.52,20.37,2.557716,62.456,113.7218
Georgia,2011,372,Hybrid regime,Central and Eastern Europe,Europe,4.203,0,7315.09,15.06,8.392212,68.463,51.4696
Germany,2011,255,Full democracy,Western Europe,Europe,6.621,1,42692.52,5.82,10.74721,77.9,8.4046
Ghana,2011,452,Flawed democracy,Sub-Saharan Africa,Africa,5.608,1,3404.46,4.47,6.090828,60.332,72.1702
Greece,2011,350,Flawed democracy,Western Europe,Europe,5.372,0,26141.32,17.86,9.098097,78,9.1638
Guatemala,2011,90,Hybrid regime,Latin America and Caribbean,South America,5.743,1,6844.49,4.13,6.172315,68.633,80.6828
Guinea,2011,438,Authoritarian,Sub-Saharan Africa,Africa,4.045,0,1625.56,4.54,5.074202,56.607,147.7742
Haiti,2011,41,Hybrid regime,Latin America and Caribbean,South America,4.845,0,1562.28,13.72,10.63939,59.605,42.2998
Honduras,2011,91,Hybrid regime,Latin America and Caribbean,South America,4.961,0,4046.08,4.47,7.64116,70.144,80.6954
Hungary,2011,310,Flawed democracy,Central and Eastern Europe,Europe,4.918,0,22841.21,11.03,7.580139,71.2,20.1608
India,2011,750,Flawed democracy,Southern Asia,Asia,4.635,0,4635.88,3.53,3.24645,65.798,33.2166
Indonesia,2011,850,Flawed democracy,Southeastern Asia,Asia,5.173,0,13261.6,8.21,3.342391,66.314,50.681
Iraq,2011,645,Hybrid regime,Middle East and Northern Africa,Africa,4.725,0,8837.82,5.15,2.870802,66.214,78.451
Ireland,2011,205,Full democracy,Western Europe,Europe,7.007,1,45147.38,14.62,9.935005,78.6,12.874
Israel,2011,666,Flawed democracy,Middle East and Northern Africa,Africa,7.433,1,30558.39,7.14,6.998996,79.9,12.042
Italy,2011,325,Flawed democracy,Western Europe,Europe,6.057,1,36347.34,8.36,8.834643,79.7,6.486
Japan,2011,740,Flawed democracy,Eastern Asia,Asia,6.263,1,35774.7,4.55,10.61672,79.44,4.606
Jordan,2011,663,Authoritarian,Middle East and Northern Africa,Africa,5.539,1,9214.21,12.9,8.341269,72.01,27.1072
Kazakhstan,2011,705,Authoritarian,Central and Eastern Europe,Europe,5.736,1,21276.93,5.39,3.621143,64.16,31.2802
Kenya,2011,501,Hybrid regime,Sub-Saharan Africa,Africa,4.405,0,2556.87,11.99,5.547171,61.904,89.02
Kuwait,2011,690,Authoritarian,Middle East and Northern Africa,Africa,6.378,1,77459.54,3.6,2.618109,73.318,11.4794
Latvia,2011,367,Flawed democracy,Central and Eastern Europe,Europe,4.967,0,19773.28,16.21,7.924796,68.6,15.863
Lebanon,2011,660,Hybrid regime,Middle East and Northern Africa,Africa,5.188,0,15693.69,6.56,8.147124,76.987,13.373
Lithuania,2011,368,Flawed democracy,Central and Eastern Europe,Europe,5.432,0,22854.23,15.39,6.493943,68.1,15.1664
Luxembourg,2011,212,Full democracy,Western Europe,Europe,7.101,1,92005.02,4.9,6.112057,78.5,7.0484
Madagascar,2011,580,Hybrid regime,Sub-Saharan Africa,Africa,4.381,0,1367.54,2.25,5.001459,62.364,122.8804
Malawi,2011,553,Hybrid regime,Sub-Saharan Africa,Africa,3.946,0,1051.19,6.43,7.49375,56.372,146.1546
Malaysia,2011,820,Flawed democracy,Southeastern Asia,Asia,5.786,1,21818.88,3.09,3.474626,72.264,13.0684
Mali,2011,432,Hybrid regime,Sub-Saharan Africa,Africa,4.667,0,1874.7,6.9,4.100327,55.06,180.2178
Malta,2011,338,Full democracy,Western Europe,Europe,6.155,1,28612.3,6.38,8.561883,78.6,17.6782
Mauritania,2011,435,Authoritarian,Sub-Saharan Africa,Africa,4.785,0,3372,10.12,3.166386,60.78,86.37
Mexico,2011,70,Flawed democracy,Latin America and Caribbean,South America,6.91,1,16049.36,5.19,5.755392,73.818,66.835
Moldova,2011,359,Hybrid regime,Central and Eastern Europe,Europe,5.792,1,4179.22,6.68,10.91213,66.013,25.9544
Mongolia,2011,712,Flawed democracy,Eastern Asia,Asia,5.031,0,8881.49,4.77,4.051633,63.897,25.0996
Montenegro,2011,341,Hybrid regime,Central and Eastern Europe,Europe,5.223,0,14472.41,19.71,5.831664,73.348,14.4074
Morocco,2011,600,Hybrid regime,Middle East and Northern Africa,Africa,5.085,0,6688.4,8.91,5.732993,73.09,33.8772
Nepal,2011,790,Hybrid regime,Southern Asia,Asia,3.809,0,2031.09,2.53,5.078424,66.897,72.4714
Netherlands,2011,210,Full democracy,Western Europe,Europe,7.564,1,46066.65,4.98,10.5205,79.4,4.6172
New Zealand,2011,920,Full democracy,Australia and New Zealand,Pacific,7.191,1,32734.54,5.97,9.564228,79.1,24.3634
Nicaragua,2011,93,Authoritarian,Latin America and Caribbean,South America,5.386,0,4231.5,6.52,7.091593,70.922,95.168
Niger,2011,436,Authoritarian,Sub-Saharan Africa,Africa,4.556,0,801.61,0.32,6.452089,56.708,203.6108
Pakistan,2011,770,Hybrid regime,Southern Asia,Asia,5.267,0,4309.76,0.8,2.35718,64.532,40.9824
Panama,2011,95,Flawed democracy,Latin America and Caribbean,South America,7.248,1,17093.84,4.48,6.02518,74.055,87.0748
Paraguay,2011,150,Flawed democracy,Latin America and Caribbean,South America,5.677,1,10080.74,4.67,6.729124,70.432,61.7582
Peru,2011,135,Flawed democracy,Latin America and Caribbean,South America,5.892,1,10449.09,3.44,4.619539,71.254,52.6508
Philippines,2011,840,Flawed democracy,Southeastern Asia,Asia,4.994,0,5707.21,3.59,4.206093,65.198,56.7396
Poland,2011,290,Flawed democracy,Central and Eastern Europe,Europe,5.646,1,22850.64,9.63,6.233882,72.5,14.6546
Portugal,2011,235,Flawed democracy,Western Europe,Europe,5.22,0,26780.21,12.68,9.531158,77.3,12.808
Romania,2011,360,Flawed democracy,Central and Eastern Europe,Europe,5.023,0,17907.62,7.18,4.651058,70.8,36.8946
Rwanda,2011,517,Authoritarian,Sub-Saharan Africa,Africa,4.097,0,1436.87,3.25,8.934226,62.215,32.8808
Saudi Arabia,2011,670,Authoritarian,Middle East and Northern Africa,Africa,6.7,1,48524.63,5.77,3.625356,72.448,10.7918
Senegal,2011,433,Flawed democracy,Sub-Saharan Africa,Africa,3.834,0,2684.33,10.36,3.949665,63.046,85.5856
Serbia,2011,272,Flawed democracy,Central and Eastern Europe,Europe,4.815,0,12967.84,22.97,9.662732,72,21.2492
Sierra Leone,2011,451,Hybrid regime,Sub-Saharan Africa,Africa,4.502,0,1246.25,4.39,10.55461,48.435,130.4906
Singapore,2011,830,Flawed democracy,Southeastern Asia,Asia,6.561,1,75113.2,2.96,3.174969,79.5,4.3194
Slovenia,2011,317,Flawed democracy,Central and Eastern Europe,Europe,6.036,1,28804.7,8.17,8.540114,76.8,4.9012
South Africa,2011,560,Flawed democracy,Sub-Saharan Africa,Africa,4.931,0,12118.74,24.65,7.497317,54.144,52.4026
Spain,2011,230,Full democracy,Western Europe,Europe,6.518,1,32068.27,21.39,9.091513,79.5,9.642
Sri Lanka,2011,780,Flawed democracy,Southern Asia,Asia,4.181,0,9193.36,4.11,2.947172,71.057,18.6794
Sweden,2011,380,Full democracy,Western Europe,Europe,7.382,1,43755.06,7.77,10.67898,79.9,5.5328
Tajikistan,2011,702,Authoritarian,Central and Eastern Europe,Europe,4.263,0,2211.75,11.16,5.957949,67.278,39.6578
Thailand,2011,800,Hybrid regime,Southeastern Asia,Asia,6.664,1,13535.13,0.66,3.828085,70.603,49.7384
Tunisia,2011,616,Flawed democracy,Middle East and Northern Africa,Africa,4.876,0,10120.68,18.33,6.432029,72.814,7.3584
Turkey,2011,640,Hybrid regime,Middle East and Northern Africa,Africa,5.272,0,19660.89,8.8,4.68789,71.086,32.6972
Turkmenistan,2011,701,Authoritarian,Central and Eastern Europe,Europe,5.792,1,11212.54,3.75,4.896509,63.469,25.5936
Uganda,2011,500,Hybrid regime,Sub-Saharan Africa,Africa,4.826,0,1602.55,3.85,8.5789,55.882,131.3044
Ukraine,2011,369,Hybrid regime,Central and Eastern Europe,Europe,5.083,0,8281.87,7.86,6.236901,65.98,28.4446
United Arab Emirates,2011,696,Authoritarian,Middle East and Northern Africa,Africa,7.119,1,58363.68,3.31,3.692606,75.811,28.0762
United Kingdom,2011,200,Full democracy,Western Europe,Europe,6.869,1,36607.98,8.04,8.45869,79,19.3002
United States,2011,2,Flawed democracy,North America,North America,7.115,1,49793.71,8.95,16.35813,76.3,30.2342
Uruguay,2011,165,Full democracy,Latin America and Caribbean,South America,6.554,1,17904.75,6.31,8.337299,73.03,58.6358
Uzbekistan,2011,704,Authoritarian,Central and Eastern Europe,Europe,5.739,1,4470,8.16,5.552511,67.54,17.635
Vietnam,2011,816,Authoritarian,Southeastern Asia,Asia,5.767,1,4632.77,2.02,5.761424,70.397,35.008
Zambia,2011,551,Hybrid regime,Sub-Saharan Africa,Africa,4.999,0,3361.11,9.99,4.619482,55.813,102.0354
Zimbabwe,2011,552,Authoritarian,Sub-Saharan Africa,Africa,4.846,0,1943.21,5.37,9.342585,53.425,113.5976
Afghanistan,2010,700,Authoritarian,Southern Asia,Asia,4.758,0,1693.77,7.82,8.569671,60.054,98.6322
Argentina,2010,160,Flawed democracy,Latin America and Caribbean,South America,6.441,1,18712.06,7.71,6.755996,71.733,63.8792
Armenia,2010,371,Hybrid regime,Central and Eastern Europe,Europe,4.368,0,6702.85,19.01,5.264182,69.961,27.443
Australia,2010,900,Full democracy,Australia and New Zealand,Pacific,7.45,1,41464.04,5.21,8.467782,79.5,15.7206
Austria,2010,305,Full democracy,Western Europe,Europe,7.303,1,43336.2,4.82,10.11228,77.8,9.5292
Azerbaijan,2010,373,Authoritarian,Central and Eastern Europe,Europe,4.219,0,15950.26,5.63,4.906516,67.863,44.7724
Bahrain,2010,692,Authoritarian,Middle East and Northern Africa,Africa,5.937,1,40570.54,1.13,3.286223,75.268,14.3106
Bangladesh,2010,771,Hybrid regime,Southern Asia,Asia,4.858,0,2442.73,3.38,2.681012,69.024,90.4654
Belarus,2010,370,Authoritarian,Central and Eastern Europe,Europe,5.526,1,16260.59,1.15,5.253585,64.6,21.5848
Belgium,2010,211,Flawed democracy,Western Europe,Europe,6.854,1,41085.92,8.29,9.918009,77.5,7.6294
Bolivia,2010,145,Hybrid regime,Latin America and Caribbean,South America,5.781,1,5407.47,2.54,5.096743,64.098,76.2958
Bosnia and Herzegovina,2010,346,Hybrid regime,Central and Eastern Europe,Europe,4.669,0,9719.97,27.2,9.043252,73.283,13.7102
Botswana,2010,571,Flawed democracy,Sub-Saharan Africa,Africa,3.553,0,13052.81,17.86,5.58384,57.178,42.899
Brazil,2010,140,Flawed democracy,Latin America and Caribbean,South America,6.837,1,14537.57,7.26,7.973474,70.132,67.955
Bulgaria,2010,355,Flawed democracy,Central and Eastern Europe,Europe,3.912,0,15283.22,10.28,7.105815,70,43.7244
Burkina Faso,2010,439,Hybrid regime,Sub-Saharan Africa,Africa,4.036,0,1423.38,4.65,5.89296,56.442,121.1052
Cambodia,2010,811,Authoritarian,Southeastern Asia,Asia,4.141,0,2522.93,0.35,5.89296,64.307,48.0808
Cameroon,2010,471,Authoritarian,Sub-Saharan Africa,Africa,4.554,0,2929.83,4.11,4.984641,54.287,125.2854
Canada,2010,20,Full democracy,North America,North America,7.65,1,40699.36,8.06,10.56224,79.1,12.3764
Chad,2010,483,Authoritarian,Sub-Saharan Africa,Africa,3.743,0,1925.2,5.75,4.069534,49.26,185.364
Chile,2010,155,Flawed democracy,Latin America and Caribbean,South America,6.636,1,19442.05,8.42,6.774894,75.706,52.0394
China,2010,710,Authoritarian,Eastern Asia,Asia,4.653,0,9525.82,4.2,4.457722,73.77,6.972
Colombia,2010,100,Flawed democracy,Latin America and Caribbean,South America,6.408,1,10791.01,10.88,6.144109,69.719,60.0682
Costa Rica,2010,94,Full democracy,Latin America and Caribbean,South America,7.271,1,12999.99,8.92,8.096439,76.338,61.2344
Croatia,2010,344,Flawed democracy,Central and Eastern Europe,Europe,5.596,1,20182.63,11.62,8.123,73.5,12.5344
Czech Republic,2010,316,Flawed democracy,Central and Eastern Europe,Europe,6.25,1,28352.95,7.28,6.943505,74.4,11.075
Denmark,2010,390,Full democracy,Western Europe,Europe,7.771,1,43998.44,7.46,10.37558,77.1,5.0092
Dominican Republic,2010,42,Flawed democracy,Latin America and Caribbean,South America,4.735,0,11132.55,5.02,5.591677,69.68,103.8548
Ecuador,2010,130,Flawed democracy,Latin America and Caribbean,South America,5.838,1,6300.78,4.89,7.518931,72.269,79.5994
El Salvador,2010,92,Hybrid regime,Latin America and Caribbean,South America,6.74,1,9352.34,4.09,6.914648,67.178,77.1074
Finland,2010,375,Full democracy,Western Europe,Europe,7.393,1,39848.13,8.39,8.868694,76.7,8.1462
France,2010,220,Flawed democracy,Western Europe,Europe,6.798,1,36855.84,8.87,10.71305,78.2,9.6746
Georgia,2010,372,Hybrid regime,Central and Eastern Europe,Europe,4.102,0,6733.78,16.3,9.545389,68.48,51.2912
Germany,2010,255,Full democracy,Western Europe,Europe,6.725,1,40428.72,6.97,11.0349,77.5,8.7462
Ghana,2010,452,Flawed democracy,Sub-Saharan Africa,Africa,4.606,0,3059.38,5.32,6.517194,60.023,72.5644
Greece,2010,350,Flawed democracy,Western Europe,Europe,5.84,1,28726.08,12.71,9.560039,77.9,9.7886
Guatemala,2010,90,Hybrid regime,Latin America and Caribbean,South America,6.29,1,6714.05,3.74,6.410214,68.255,82.7946
Haiti,2010,41,Hybrid regime,Latin America and Caribbean,South America,3.766,0,1502.03,15.95,10.21646,59.221,43.3346
Honduras,2010,91,Hybrid regime,Latin America and Caribbean,South America,5.866,1,3971.18,4.12,8.226173,69.977,83.6298
Hungary,2010,310,Flawed democracy,Central and Eastern Europe,Europe,4.725,0,22404.24,11.17,7.558359,70.5,20.0066
India,2010,750,Flawed democracy,Southern Asia,Asia,4.989,0,4404.7,3.54,3.272121,65.497,36.0522
Indonesia,2010,850,Flawed democracy,Southeastern Asia,Asia,5.457,0,12717.6,8.34,3.452469,66.122,50.887
Iraq,2010,645,Hybrid regime,Middle East and Northern Africa,Africa,5.065,0,8433.5,5.61,3.302761,65.849,78.451
Ireland,2010,205,Full democracy,Western Europe,Europe,7.257,1,44030.41,13.85,10.54086,78.5,13.72
Israel,2010,666,Flawed democracy,Middle East and Northern Africa,Africa,7.359,1,29743.01,8.48,7.051793,79.7,12.541
Italy,2010,325,Flawed democracy,Western Europe,Europe,6.354,1,36201.16,8.36,8.953612,79.5,6.591
Japan,2010,740,Flawed democracy,Eastern Asia,Asia,6.057,1,35749.76,5.07,9.156773,79.55,4.733
Jordan,2010,663,Authoritarian,Middle East and Northern Africa,Africa,5.57,1,9472.77,12.5,8.060291,71.874,27.5454
Kazakhstan,2010,705,Authoritarian,Central and Eastern Europe,Europe,5.514,1,20096.56,5.77,4.202543,63.51,30.4734
Kenya,2010,501,Hybrid regime,Sub-Saharan Africa,Africa,4.256,0,2475.92,12.09,6.400263,60.974,91.038
Kuwait,2010,690,Authoritarian,Middle East and Northern Africa,Africa,6.798,1,75204.15,1.82,2.757028,73.227,11.9468
Lebanon,2010,660,Hybrid regime,Middle East and Northern Africa,Africa,5.032,0,16451.76,6.38,7.523547,76.749,13.149
Lithuania,2010,368,Flawed democracy,Central and Eastern Europe,Europe,5.066,0,21070.54,17.81,6.814687,68,16.1048
Luxembourg,2010,212,Full democracy,Western Europe,Europe,7.097,1,91743.29,4.36,7.030651,77.9,7.6928
Malaysia,2010,820,Flawed democracy,Southeastern Asia,Asia,5.58,1,21107.27,3.25,3.329265,72.061,12.9878
Mali,2010,432,Hybrid regime,Sub-Saharan Africa,Africa,3.762,0,1871.99,8.07,4.428261,54.62,181.5306
Malta,2010,338,Full democracy,Western Europe,Europe,5.774,1,28358.65,6.85,8.209907,79.3,17.8444
Mauritania,2010,435,Authoritarian,Sub-Saharan Africa,Africa,4.772,0,3316.98,10.18,3.334701,60.506,87.108
Mexico,2010,70,Flawed democracy,Latin America and Caribbean,South America,6.802,1,15715.97,5.33,6.019952,73.668,67.7
Moldova,2010,359,Hybrid regime,Central and Eastern Europe,Europe,5.59,1,3910.86,7.45,12.15823,65.577,26.2568
Mongolia,2010,712,Flawed democracy,Eastern Asia,Asia,4.586,0,7708.6,6.55,4.178729,63.488,23.5792
Montenegro,2010,341,Hybrid regime,Central and Eastern Europe,Europe,5.455,0,14038.39,19.68,5.855723,72.945,15.4848
Morocco,2010,600,Hybrid regime,Middle East and Northern Africa,Africa,4.383,0,6443.25,9.06,5.864089,72.644,33.7464
Nepal,2010,790,Hybrid regime,Southern Asia,Asia,4.35,0,1985.98,2.12,4.97475,66.517,76.4548
Netherlands,2010,210,Full democracy,Western Europe,Europe,7.502,1,45524.66,4.45,10.40288,78.8,4.7864
New Zealand,2010,920,Full democracy,Australia and New Zealand,Pacific,7.224,1,32119.22,6.14,9.658926,78.8,25.7978
Nicaragua,2010,93,Authoritarian,Latin America and Caribbean,South America,5.687,1,4028.71,7.83,6.507572,70.606,97.552
Niger,2010,436,Authoritarian,Sub-Saharan Africa,Africa,4.101,0,814.21,0.86,6.248183,56.062,205.1126
Pakistan,2010,770,Hybrid regime,Southern Asia,Asia,5.786,1,4283.61,0.65,2.596759,64.252,41.1408
Panama,2010,95,Flawed democracy,Latin America and Caribbean,South America,7.321,1,15628.59,6.52,6.637098,73.883,87.2886
Paraguay,2010,150,Flawed democracy,Latin America and Caribbean,South America,5.841,1,9800.51,4.57,6.225906,70.248,63.2754
Peru,2010,135,Flawed democracy,Latin America and Caribbean,South America,5.613,1,9956.56,3.48,4.71964,71.046,53.1626
Philippines,2010,840,Flawed democracy,Southeastern Asia,Asia,4.942,0,5596.84,3.61,4.312762,65.089,56.2002
Poland,2010,290,Flawed democracy,Central and Eastern Europe,Europe,5.887,1,21770.64,9.64,6.419072,72.1,14.9762
Portugal,2010,235,Flawed democracy,Western Europe,Europe,5.095,0,27238.46,10.77,9.819475,76.1,13.665
Romania,2010,360,Flawed democracy,Central and Eastern Europe,Europe,4.909,0,17469.12,6.96,5.708013,69.8,37.4372
Saudi Arabia,2010,670,Authoritarian,Middle East and Northern Africa,Africa,6.307,1,45421.23,5.55,3.493014,72.286,11.1736
Senegal,2010,433,Flawed democracy,Sub-Saharan Africa,Africa,4.372,0,2724.54,10.22,4.008817,62.509,87.5702
Serbia,2010,272,Flawed democracy,Central and Eastern Europe,Europe,4.461,0,12688.05,19.22,10.0981,71.8,21.5124
Sierra Leone,2010,451,Hybrid regime,Sub-Saharan Africa,Africa,4.134,0,1199.99,4.27,9.223455,47.572,134.3892
Singapore,2010,830,Flawed democracy,Southeastern Asia,Asia,6.531,1,72115.84,3.17,3.225887,79.2,4.7298
Slovenia,2010,317,Flawed democracy,Central and Eastern Europe,Europe,6.083,1,28678.37,7.24,8.561624,76.3,4.9674
South Africa,2010,560,Flawed democracy,Sub-Saharan Africa,Africa,4.652,0,11887.81,24.69,7.415357,53.014,53.8052
Spain,2010,230,Full democracy,Western Europe,Europe,6.188,1,32507.09,19.86,9.022185,78.7,10.286
Sri Lanka,2010,780,Flawed democracy,Southern Asia,Asia,3.977,0,8529.57,4.94,2.971064,70.934,19.5818
Sweden,2010,380,Full democracy,Western Europe,Europe,7.496,1,42942.56,8.58,8.486407,79.5,5.6526
Tajikistan,2010,702,Authoritarian,Central and Eastern Europe,Europe,4.381,0,2106.33,11.72,5.839434,66.957,40.3956
Thailand,2010,800,Hybrid regime,Southeastern Asia,Asia,6.217,1,13486.56,0.62,3.626057,70.402,47.9138
Tunisia,2010,616,Flawed democracy,Middle East and Northern Africa,Africa,5.131,0,10436.37,13.05,5.883956,72.662,7.1268
Turkey,2010,640,Hybrid regime,Middle East and Northern Africa,Africa,5.49,0,17959.26,10.66,5.053656,70.776,34.1514
Uganda,2010,500,Hybrid regime,Sub-Saharan Africa,Africa,4.193,0,1515.87,4.01,10.74961,55.343,135.9608
Ukraine,2010,369,Hybrid regime,Central and Eastern Europe,Europe,5.058,0,7824.5,8.1,6.354323,65.28,28.9362
United Arab Emirates,2010,696,Authoritarian,Middle East and Northern Africa,Africa,7.097,1,57232.62,3.7,3.929417,75.65,28.5314
United Kingdom,2010,200,Full democracy,Western Europe,Europe,7.029,1,36366.98,7.79,8.507612,78.5,20.8564
United States,2010,2,Flawed democracy,North America,North America,7.164,1,49374.18,9.63,16.39673,76.2,32.5494
Uruguay,2010,165,Full democracy,Latin America and Caribbean,South America,6.062,1,17082.4,7.16,8.392103,72.881,59.2876
Uzbekistan,2010,704,Authoritarian,Central and Eastern Europe,Europe,5.095,0,4239.7,8.19,5.460383,67.166,17.753
Vietnam,2010,816,Authoritarian,Southeastern Asia,Asia,5.296,0,4408.17,2.64,5.854405,70.188,33.955
Zimbabwe,2010,552,Authoritarian,Sub-Saharan Africa,Africa,4.682,0,1737.96,5.27,11.60692,51.69,114.4282